[
  {
    "id": "12",
    "task": "Add Proper Cursor In Sortable Page",
    "date": "2017-08-01",
    "status":"opt5",
    "images": ["assets/images/user/avatar-1.jpg","assets/images/user/avatar-2.jpg"]
  },
  {
    "id": "56",
    "task": "Checkbox Design issue",
    "date": "2017-08-05",
    "status":"opt3",
    "images": ["assets/images/user/avatar-1.jpg"]
  },
  {
    "id": "78",
    "task": "Create UI design model",
    "date": "2017-08-12",
    "status":"opt2",
    "images": ["assets/images/user/avatar-2.jpg","assets/images/user/avatar-3.jpg"]
  },
  {
    "id": "20",
    "task": "Create UI design model",
    "date": "2017-08-12",
    "status":"opt2",
    "images": ["assets/images/user/avatar-1.jpg","assets/images/user/avatar-2.jpg","assets/images/user/avatar-3.jpg"]
  },
  {
    "id": "35",
    "task": "Edit the draft for the icons",
    "date": "2017-08-18",
    "status":"opt4",
    "images": ["assets/images/user/avatar-1.jpg","assets/images/user/avatar-3.jpg"]
  }
]
